"","region","shool","prop_school"
"1","서울-종로구",13579,0.0980426134107335
"2","서울-중구",9241,0.0775206154001023
"3","서울-용산구",20010,0.0941926312271403
"4","서울-성동구",27420,0.0990032874724013
"5","서울-광진구",33381,0.099945806922941
"6","서울-동대문구",33025,0.0981594180283406
"7","서울-중랑구",35261,0.0924050981219445
"8","서울-성북구",50246,0.118197932018429
"9","서울-강북구",26903,0.0932007420584674
"10","서울-도봉구",31907.5,0.103794268910351
"11","서울-노원구",64453,0.129258487896494
"12","서울-은평구",50456.5,0.108830647248633
"13","서울-서대문구",32641.5,0.107488622667729
"14","서울-마포구",39013,0.10808541997972
"15","서울-양천구",65000,0.149124980499041
"16","서울-강서구",60877.5,0.108137849446321
"17","서울-구로구",41234.5,0.105242940967782
"18","서울-금천구",18791,0.0827502080755325
"19","서울-영등포구",35308,0.094851636491607
"20","서울-동작구",38220,0.101368420633858
"21","서울-관악구",35509.5,0.0738360674826662
"22","서울-서초구",62267.5,0.155043729963584
"23","서울-강남구",81574.5,0.153997978144707
"24","서울-송파구",84237.5,0.129215167893434
"25","서울-강동구",57172,0.125216964695395
"26","부산-중구",2319.5,0.0596993797132783
"27","부산-서구",10144.5,0.0974252348116705
"28","부산-동구",6759,0.0780719384572735
"29","부산-영도구",9471.5,0.0886749086006657
"30","부산-부산진구",35133,0.098734934934091
"31","부산-동래구",37136.5,0.137013567982881
"32","부산-남구",31593,0.124330737944428
"33","부산-북구",31393,0.113997182116608
"34","부산-해운대구",50917.5,0.133467978694403
"35","부산-사하구",33825,0.113185765196005
"36","부산-금정구",22872.5,0.10512177074285
"37","부산-강서구",25423.5,0.178455609838275
"38","부산-연제구",23710,0.116289050142602
"39","부산-수영구",16703,0.096237057864382
"40","부산-사상구",19851,0.0980148668965909
"41","부산-기장군",29071,0.16310671985547
"42","대구-중구",9339.5,0.111145490571763
"43","대구-동구",39236.5,0.11546446664283
"44","대구-서구",13653.5,0.0847798617169575
"45","대구-남구",11961.5,0.0857824153757889
"46","대구-북구",57066.5,0.134578105839072
"47","대구-수성구",65529,0.160573496024808
"48","대구-달서구",72105,0.135839693901484
"49","대구-달성군",40812,0.15566464133283
"50","대구-군위군",1163,0.0503256236612648
"51","인천-중구",21177,0.136723718275668
"52","인천-동구",6453,0.109448939093268
"53","인천-미추홀구",45243,0.112156552629394
"54","인천-연수구",64829.5,0.167369963275396
"55","인천-남동구",66820.5,0.134562077419939
"56","인천-부평구",56686.5,0.115943466655758
"57","인천-계양구",32211,0.113772349338438
"58","인천-서구",92483,0.153051666501175
"59","인천-강화군",6005.5,0.0868901556803056
"60","인천-옹진군",1449,0.0709928713162343
"61","광주-동구",11551.5,0.10923300961693
"62","광주-서구",39714.5,0.139525365373805
"63","광주-남구",32235,0.153129572272788
"64","광주-북구",57859,0.137151485556888
"65","광주-광산구",70395.5,0.176961596376077
"66","대전-동구",26432.5,0.121365519932964
"67","대전-중구",27617,0.123171406144075
"68","대전-서구",66577,0.142938881106119
"69","대전-유성구",56830.5,0.157657545191251
"70","대전-대덕구",20231.5,0.118592355082446
"71","울산-중구",27835.5,0.1339862045064
"72","울산-남구",40987,0.133234513482896
"73","울산-동구",23652.5,0.156046406528846
"74","울산-북구",37564,0.172955352250805
"75","울산-울주군",30230.5,0.137609646627186
"76","세종-세종시",76483.5,0.199032467507121
"77","경기-수원시",163666,0.13768851450173
"78","경기-수원시 장안구",36103,0.134015107927022
"79","경기-수원시 권선구",48291,0.132130891420426
"80","경기-수원시 팔달구",20245,0.10463911264792
"81","경기-수원시 영통구",59027,0.163818045323538
"82","경기-성남시",119592,0.130646025544317
"83","경기-성남시 수정구",24048.5,0.103728641026913
"84","경기-성남시 중원구",21637,0.103285891930984
"85","경기-성남시 분당구",73906.5,0.155900329597891
"86","경기-의정부시",58548.5,0.126919833601776
"87","경기-안양시",69531,0.127838072877501
"88","경기-안양시 만안구",24346,0.105209708540672
"89","경기-안양시 동안구",45185,0.14459454486399
"90","경기-부천시",92733,0.118728330508084
"91","경기-광명시",40213,0.142232110013865
"92","경기-평택시",83379,0.143275318562865
"93","경기-동두천시",11045,0.123523754137962
"94","경기-안산시",78822,0.124781238646375
"95","경기-안산시 상록구",42360,0.125461855715904
"96","경기-안산시 단원구",36462,0.123999741539675
"97","경기-고양시",142531.5,0.13328455105891
"98","경기-고양시 덕양구",61983.5,0.126283159427052
"99","경기-고양시 일산동구",38730,0.132794793813196
"100","경기-고양시 일산서구",41818,0.145760644138099
"101","경기-과천시",12021.5,0.152062132778456
"102","경기-구리시",24298,0.129955287422716
"103","경기-남양주시",114319,0.156347465861946
"104","경기-오산시",37180.5,0.162436160127221
"105","경기-시흥시",77209.5,0.150195356383149
"106","경기-군포시",33953.5,0.129294210158545
"107","경기-의왕시",20253.5,0.127505201628007
"108","경기-하남시",49691.5,0.152085255765767
"109","경기-용인시",172558.5,0.161236625400969
"110","경기-용인시 처인구",35606,0.137233817039564
"111","경기-용인시 기흥구",71413.5,0.164010798781405
"112","경기-용인시 수지구",65539,0.174610258042945
"113","경기-파주시",76349,0.154411660609444
"114","경기-이천시",31615.5,0.142629961968953
"115","경기-안성시",24562.5,0.13053668180405
"116","경기-김포시",81282.5,0.168228061225018
"117","경기-화성시",164208.5,0.177503033447645
"118","경기-광주시",52919.5,0.13573853412797
"119","경기-양주시",37934,0.149014693664303
"120","경기-포천시",14988.5,0.103824360643928
"121","경기-여주시",13107,0.115542273821173
"122","경기-연천군",4099.5,0.0985563342188458
"123","경기-가평군",6064.5,0.0978760833427479
"124","경기-양평군",13923.5,0.113043866557332
"125","강원-춘천시",37413.5,0.131070784214122
"126","강원-원주시",49721.5,0.13820799230595
"127","강원-강릉시",24561,0.117129211246045
"128","강원-동해시",11790,0.132952181193863
"129","강원-태백시",4671.5,0.119972777235605
"130","강원-속초시",10030,0.122197855750487
"131","강원-삼척시",6690.5,0.106372323004277
"132","강원-홍천군",6527,0.0967744326900979
"133","강원-횡성군",4513,0.0975088045286606
"134","강원-영월군",3484,0.0932697970766183
"135","강원-평창군",3582.5,0.0880394180674334
"136","강원-정선군",3083.5,0.089515625680403
"137","강원-철원군",4813.5,0.115274085782025
"138","강원-화천군",2471,0.106794018497709
"139","강원-양구군",2681.5,0.12657241981544
"140","강원-인제군",3505.5,0.109382800798802
"141","강원-고성군",2319.5,0.0852146439133709
"142","강원-양양군",2390.5,0.0862825070834311
"143","충북-청주시",123143,0.145138782485709
"144","충북-청주시 상당구",29017,0.146550875128473
"145","충북-청주시 서원구",25177,0.133801357304947
"146","충북-청주시 흥덕구",39241.5,0.145091963861502
"147","충북-청주시 청원구",29707.5,0.154868525314872
"148","충북-충주시",25524,0.12305615485675
"149","충북-제천시",15693,0.120489698142326
"150","충북-보은군",2647,0.0849541048847808
"151","충북-옥천군",4949,0.100786086673183
"152","충북-영동군",4031,0.0906678062934389
"153","충북-진천군",12439.5,0.14468825058593
"154","충북-괴산군",2542.5,0.069211923233973
"155","충북-음성군",10141,0.111159219331466
"156","충북-단양군",2314.5,0.0836405030355594
"157","충북-증평군",5004.5,0.134316540969967
"158","충남-천안시",98485,0.150524125356021
"159","충남-천안시 동남구",35652,0.139724368483243
"160","충남-천안시 서북구",62833,0.157428449016714
"161","충남-공주시",10713,0.105008307153954
"162","충남-보령시",10735,0.11155332945382
"163","충남-아산시",56326,0.166115416092191
"164","충남-서산시",24939,0.141881455395722
"165","충남-논산시",12636,0.113606530847104
"166","충남-계룡시",8657.5,0.190475666637332
"167","충남-당진시",24333.5,0.144155805687204
"168","충남-금산군",5280,0.105716287916708
"169","충남-부여군",5672.5,0.0921421319796954
"170","충남-서천군",4262,0.0862796700237866
"171","충남-청양군",2549,0.0845734003550158
"172","충남-홍성군",13321.5,0.136546740467405
"173","충남-예산군",7402.5,0.0953592476892854
"174","충남-태안군",5605,0.092101911874656
"175","전북-전주시",97242,0.15066981924332
"176","전북-전주시 완산구",46209,0.140496018534565
"177","전북-전주시 덕진구",51033,0.161242215615215
"178","전북-군산시",36543,0.140361861120767
"179","전북-익산시",35595,0.131438045581437
"180","전북-정읍시",11931.5,0.114737545617586
"181","전북-남원시",9115.5,0.118076424870466
"182","전북-김제시",8004.5,0.0985205607591665
"183","전북-완주군",12219.5,0.128721840945122
"184","전북-진안군",2040.5,0.0834372636012349
"185","전북-무주군",2300,0.0985686123253621
"186","전북-장수군",2080,0.0984126233114901
"187","전북-임실군",2075,0.0792847181093938
"188","전북-순창군",2736,0.102491103202847
"189","전북-고창군",5161,0.0994536888049563
"190","전북-부안군",4604.5,0.0931491053275745
"191","전남-목포시",32828.5,0.152739361145295
"192","전남-여수시",35580,0.130526176771623
"193","전남-순천시",41133.5,0.14804690452453
"194","전남-나주시",15243,0.130635996674751
"195","전남-광양시",22404,0.147244586112845
"196","전남-담양군",4069.5,0.0894611884191783
"197","전남-곡성군",2223,0.0825902808738297
"198","전남-구례군",2201,0.0900886151075456
"199","전남-고흥군",4642,0.0756919815743345
"200","전남-보성군",3125.5,0.0822348514747283
"201","전남-화순군",6946.5,0.113028409645612
"202","전남-장흥군",3366,0.0954893617021277
"203","전남-강진군",3097.5,0.09426497664298
"204","전남-해남군",6535,0.100443426604059
"205","전남-영암군",5732.5,0.109700321494182
"206","전남-무안군",14556.5,0.161211369463256
"207","전남-함평군",2479,0.0809747015303206
"208","전남-영광군",5458.5,0.105251487134001
"209","전남-장성군",4311,0.100820879814776
"210","전남-완도군",4905,0.104376137125347
"211","전남-진도군",2802,0.0960180933452128
"212","전남-신안군",2636,0.0696589722923246
"213","경북-포항시",66669,0.135154750151537
"214","경북-포항시 남구",30068.5,0.132957037744526
"215","경북-포항시 북구",36600.5,0.137015352248182
"216","경북-경주시",28052,0.113244412866555
"217","경북-김천시",17430,0.126240770046969
"218","경북-안동시",18344.5,0.119533451708016
"219","경북-구미시",65086.5,0.160502519006601
"220","경북-영주시",11838.5,0.118065632464184
"221","경북-영천시",9039.5,0.0900075176365746
"222","경북-상주시",9892,0.105041280628634
"223","경북-문경시",7189,0.103685007571933
"224","경북-경산시",33353,0.125359883935082
"225","경북-의성군",2961.5,0.0592525159560633
"226","경북-청송군",1522,0.0630959290274438
"227","경북-영양군",1214,0.0767771312926891
"228","경북-영덕군",2664,0.0777901068737955
"229","경북-청도군",2867.5,0.069346198957691
"230","경북-고령군",2459.5,0.081495717291539
"231","경북-성주군",2912.5,0.0690255839031153
"232","경북-칠곡군",15862.5,0.142692010146987
"233","경북-예천군",6987.5,0.126055347091932
"234","경북-봉화군",2317.5,0.0779804165685252
"235","경북-울진군",4736,0.101304812834225
"236","경북-울릉군",620,0.0692776132744846
"237","경남-진주시",48920,0.143154580317416
"238","경남-통영시",17286.5,0.142527342510028
"239","경남-사천시",14391,0.13218456790407
"240","경남-김해시",85296.5,0.160045820390449
"241","경남-밀양시",10203.5,0.0999813824053932
"242","경남-거제시",41885.5,0.178653916285101
"243","경남-양산시",53718.5,0.151923990633166
"244","경남-창원시",140199.5,0.138632536440612
"245","경남-창원시 의창구",28525,0.133402860269565
"246","경남-창원시 성산구",34751,0.141172121441092
"247","경남-창원시 마산합포구",21868.5,0.12252976607368
"248","경남-창원시 마산회원구",23772,0.131427781617139
"249","경남-창원시 진해구",31283,0.16296072491815
"250","경남-의령군",1889.5,0.0734813720152446
"251","경남-함안군",7577,0.124925806238871
"252","경남-창녕군",5275,0.0915758864632611
"253","경남-고성군",5233.5,0.104983901866581
"254","경남-남해군",3508.5,0.0854169202678028
"255","경남-하동군",3298.5,0.078750402884053
"256","경남-산청군",2525.5,0.0747156191293286
"257","경남-함양군",3647.5,0.0980471217558432
"258","경남-거창군",7600,0.126534859521332
"259","경남-합천군",2902,0.070121177707168
"260","제주-제주시",77036,0.157261739869779
"261","제주-서귀포시",26028.5,0.142045563071483
